{"accuracy": 0.9047619047619048, "f1_score": 0.6927083333333334}